{
  "bases/Geo": {
    "glove": {
      "cosine": {
        "time": [
          3.0376086235046387,
          3.175952434539795,
          3.4440481662750244
        ],
        "clusters": [
          707,
          707,
          707
        ]
      },
      "euclidean": {
        "time": [
          2.699991226196289,
          3.0893800258636475
        ],
        "clusters": [
          383,
          383
        ]
      },
      "manhattan": {
        "time": [
          4.373504638671875,
          4.782974481582642
        ],
        "clusters": [
          354,
          354
        ]
      },
      "mean": {
        "time": [
          10.3599374294281,
          11.132071256637573
        ],
        "clusters": [
          1,
          1
        ]
      }
    },
    "sentence-transformers": {
      "cosine": {
        "time": [
          41.53213572502136,
          43.08222055435181
        ],
        "clusters": [
          773,
          773
        ]
      },
      "euclidean": {
        "time": [
          38.95692205429077,
          41.12967777252197
        ],
        "clusters": [
          4,
          4
        ]
      },
      "manhattan": {
        "time": [
          37.91303610801697,
          40.895904541015625
        ],
        "clusters": [
          152,
          152
        ]
      },
      "mean": {
        "time": [
          43.766711950302124,
          46.10919237136841
        ],
        "clusters": [
          1,
          1
        ]
      }
    }
  },
  "bases/Music-20": {
    "glove": {
      "cosine": {
        "time": [
          10.82255506515503
        ],
        "clusters": [
          4320
        ]
      },
      "euclidean": {
        "time": [
          11.386609554290771
        ],
        "clusters": [
          3183
        ]
      },
      "manhattan": {
        "time": [
          90.07735061645508
        ],
        "clusters": [
          1517
        ]
      },
      "mean": {
        "time": [
          697.4665863513947
        ],
        "clusters": [
          1
        ]
      }
    },
    "sentence-transformers": {
      "cosine": {
        "time": [
          280.5600986480713
        ],
        "clusters": [
          3676
        ]
      },
      "euclidean": {
        "time": [
          344.366153717041
        ],
        "clusters": [
          2558
        ]
      },
      "manhattan": {
        "time": [
          398.79233264923096
        ],
        "clusters": [
          91
        ]
      },
      "mean": {
        "time": [
          944.3730068206787
        ],
        "clusters": [
          1
        ]
      }
    }
  },
  "bases/Shopee": {
    "glove": {
      "cosine": {
        "time": [
          27.61336398124695,
          40.03642559051514
        ],
        "clusters": [
          4437,
          4437
        ]
      },
      "euclidean": {
        "time": [
          115.79477739334106,
          99.97015714645386
        ],
        "clusters": [
          2990,
          2990
        ]
      },
      "manhattan": {
        "time": [
          290.4989182949066,
          255.5708839893341
        ],
        "clusters": [
          2307,
          2307
        ]
      }
    },
    "sentence-transformers": {
      "cosine": {
        "time": [
          375.06493496894836
        ],
        "clusters": [
          4378
        ]
      },
      "euclidean": {
        "time": [
          1156.9474766254425
        ],
        "clusters": [
          607
        ]
      },
      "manhattan": {
        "time": [
          654.9194118976593
        ],
        "clusters": [
          1320
        ]
      }
    }
  }
}